command,mean,stddev,median,user,system,min,max
pdu --max-depth=1 tmp.sample,0.12536342039363635,0.005310830065574142,0.12496291553,0.09024100590909089,0.155564645,0.11917689153000001,0.13792213053000002
dutree --summary tmp.sample,0.31698810133,0.01191140777976912,0.31427307403000004,0.107944615,0.20869874500000002,0.30342844653,0.33800708853
du --apparent-size --total tmp.sample,0.18719131153000004,0.004836833858955119,0.18683099303,0.05563020071428571,0.13111743071428572,0.18182547853000003,0.20067141853000003
