{
  "results": [
    {
      "command": "pdu --quantity=blksize tmp.sample",
      "mean": 0.12878263985934787,
      "stddev": 0.008641530736738304,
      "median": 0.125879688555,
      "user": 0.0885498860869565,
      "system": 0.16321822108695652,
      "min": 0.119439247555,
      "max": 0.15091431055500001,
      "times": [
        0.125879688555,
        0.120913625555,
        0.13886495355500003,
        0.14185649155500002,
        0.142675702555,
        0.137786640555,
        0.12663399755500002,
        0.123583352555,
        0.131541325555,
        0.12714576055500001,
        0.12529523455500002,
        0.15091431055500001,
        0.12637464955500002,
        0.12360070855500001,
        0.121167472555,
        0.122076586555,
        0.13494447555500003,
        0.13389865955500002,
        0.121010271555,
        0.122519492555,
        0.122829197555,
        0.119439247555,
        0.121048871555
      ]
    },
    {
      "command": "dust tmp.sample",
      "mean": 0.869887946255,
      "stddev": 0.023886032049476733,
      "median": 0.870049806055,
      "user": 1.05253606,
      "system": 0.22895979499999997,
      "min": 0.831456821555,
      "max": 0.913533108555,
      "times": [
        0.873908645555,
        0.856463588555,
        0.831456821555,
        0.867375644555,
        0.840768082555,
        0.893267951555,
        0.913533108555,
        0.8679463295550001,
        0.882006007555,
        0.872153282555
      ]
    },
    {
      "command": "dutree --usage tmp.sample",
      "mean": 4.032340491354999,
      "stddev": 0.1374369546151464,
      "median": 3.983136242555,
      "user": 1.6144307599999999,
      "system": 2.417255695,
      "min": 3.865245468555,
      "max": 4.334527571555,
      "times": [
        3.981632527555,
        4.169099580555,
        4.334527571555,
        3.925231887555,
        4.113879425555,
        4.017684099555,
        3.865245468555,
        3.967109357555,
        3.984639957555,
        3.964355037555
      ]
    },
    {
      "command": "du tmp.sample",
      "mean": 0.18569771393000004,
      "stddev": 0.005866249088777221,
      "median": 0.184187863555,
      "user": 0.0649981225,
      "system": 0.12029183249999997,
      "min": 0.17854374255500002,
      "max": 0.196532569555,
      "times": [
        0.17854374255500002,
        0.19608536355500003,
        0.183752007555,
        0.18366960755500003,
        0.18522632655500001,
        0.184623719555,
        0.17978435755500002,
        0.19331132955500002,
        0.186348140555,
        0.17962095655500002,
        0.18315480055500002,
        0.18234589055500003,
        0.196532569555,
        0.18472142055500002,
        0.19302262455500002,
        0.18042056555500002
      ]
    }
  ]
}
