{
  "results": [
    {
      "command": "pdu --no-sort --max-depth=1 tmp.sample",
      "mean": 0.12459738180195654,
      "stddev": 0.004481229049306172,
      "median": 0.12391506471500001,
      "user": 0.09802238304347825,
      "system": 0.1435823995652174,
      "min": 0.11882849971500001,
      "max": 0.134653200715,
      "times": [
        0.127752913715,
        0.120159216715,
        0.134653200715,
        0.12223374271500001,
        0.12470527471500002,
        0.119080902715,
        0.11989541371500001,
        0.129771338715,
        0.12612649271499998,
        0.124429570715,
        0.12544498371499999,
        0.119693010715,
        0.12391506471500001,
        0.12202294071500001,
        0.122113841715,
        0.121724736715,
        0.12075332371500001,
        0.131725763715,
        0.122643448715,
        0.11882849971500001,
        0.127274106715,
        0.130818151715,
        0.12997384171499998
      ]
    },
    {
      "command": "du --apparent-size --total tmp.sample",
      "mean": 0.186809964715,
      "stddev": 0.007537010851178472,
      "median": 0.184356730715,
      "user": 0.06184700333333333,
      "system": 0.12456039666666664,
      "min": 0.178260352715,
      "max": 0.206581718715,
      "times": [
        0.195103165715,
        0.187910875715,
        0.182245303715,
        0.178260352715,
        0.187919775715,
        0.184356730715,
        0.180698786715,
        0.206581718715,
        0.185816754715,
        0.197176998715,
        0.182935217715,
        0.186684265715,
        0.183857029715,
        0.182515412715,
        0.18008708171499999
      ]
    }
  ]
}
