{
  "results": [
    {
      "command": "pdu --no-sort tmp.sample",
      "mean": 0.12332843501586957,
      "stddev": 0.0025660062773795395,
      "median": 0.123291790755,
      "user": 0.09322151739130434,
      "system": 0.14846399978260874,
      "min": 0.11841062975500001,
      "max": 0.12817395275500001,
      "times": [
        0.124652408755,
        0.120965061755,
        0.12484201075500001,
        0.123291790755,
        0.12056215575500001,
        0.122980287755,
        0.12158406875500001,
        0.120458654755,
        0.12126216575500001,
        0.124275003755,
        0.127193839755,
        0.12455850675499999,
        0.12817395275500001,
        0.120418054755,
        0.11841062975500001,
        0.122984586755,
        0.11990414875500001,
        0.125406717755,
        0.126589132755,
        0.12409380175500001,
        0.125237615755,
        0.122728783755,
        0.12598062575500002
      ]
    },
    {
      "command": "du --apparent-size tmp.sample",
      "mean": 0.18655108588833336,
      "stddev": 0.004367967582805856,
      "median": 0.18519607475500002,
      "user": 0.06209503333333334,
      "system": 0.12408323166666665,
      "min": 0.17905479775500002,
      "max": 0.193680182755,
      "times": [
        0.19255856875500002,
        0.183795357755,
        0.190117137755,
        0.18396896075500002,
        0.18465606775500001,
        0.193680182755,
        0.18460106775500001,
        0.17905479775500002,
        0.192460767755,
        0.18428656375500002,
        0.180932921755,
        0.18519607475500002,
        0.18621918775500002,
        0.190543443755,
        0.18619518775500002
      ]
    }
  ]
}
