{
  "results": [
    {
      "command": "pdu --top-down tmp.sample",
      "mean": 0.12348190604021739,
      "stddev": 0.0036960209790441382,
      "median": 0.12332709547500001,
      "user": 0.0911936404347826,
      "system": 0.1507225406521739,
      "min": 0.11847663347500001,
      "max": 0.133507123475,
      "times": [
        0.12477511347500002,
        0.12243328347500002,
        0.127987554475,
        0.12268378647500001,
        0.12398790347500001,
        0.121731575475,
        0.128334458475,
        0.11847663347500001,
        0.121506072475,
        0.12424690647500002,
        0.12476851347500002,
        0.119502847475,
        0.124830413475,
        0.125781626475,
        0.133507123475,
        0.12332709547500001,
        0.12044205847500002,
        0.125102117475,
        0.128165356475,
        0.12066656347500002,
        0.11977835147500002,
        0.11925334447500001,
        0.118795139475
      ]
    },
    {
      "command": "dust --apparent-size --reverse tmp.sample",
      "mean": 0.5408143812749999,
      "stddev": 0.012079984619576633,
      "median": 0.5370247729750001,
      "user": 0.7026524099999999,
      "system": 0.23726284499999997,
      "min": 0.525918082475,
      "max": 0.5595685084750001,
      "times": [
        0.530840545475,
        0.5377119314750001,
        0.557304379475,
        0.5537672344750001,
        0.542143088475,
        0.5595685084750001,
        0.5288622204750001,
        0.5363376144750001,
        0.5356902074750001,
        0.525918082475
      ]
    },
    {
      "command": "dutree tmp.sample",
      "mean": 3.8795599207750002,
      "stddev": 0.05860786530911087,
      "median": 3.882090195975,
      "user": 1.53359041,
      "system": 2.3445384449999995,
      "min": 3.790687161475,
      "max": 4.003519414475,
      "times": [
        3.816183387475,
        3.860563627475,
        3.914004395475,
        3.8481436704750003,
        3.8982503094750003,
        3.869518454475,
        3.790687161475,
        3.894661937475,
        4.003519414475,
        3.9000668494750004
      ]
    }
  ]
}
