command,mean,stddev,median,user,system,min,max
pdu --top-down tmp.sample,0.12348190604021739,0.0036960209790441382,0.12332709547500001,0.0911936404347826,0.1507225406521739,0.11847663347500001,0.133507123475
dust --apparent-size --reverse tmp.sample,0.5408143812749999,0.012079984619576633,0.5370247729750001,0.7026524099999999,0.23726284499999997,0.525918082475,0.5595685084750001
dutree tmp.sample,3.8795599207750002,0.05860786530911087,3.882090195975,1.53359041,2.3445384449999995,3.790687161475,4.003519414475
