{
  "results": [
    {
      "command": "pdu --min-ratio=0 tmp.sample",
      "mean": 0.7059971114000001,
      "stddev": 0.011317353294542837,
      "median": 0.7066957193000001,
      "user": 0.6237327249999998,
      "system": 0.19919087500000002,
      "min": 0.6892169968,
      "max": 0.7271887858,
      "times": [
        0.7271887858,
        0.6986313218,
        0.7187184718,
        0.7084579418,
        0.7063672148,
        0.6892169968,
        0.7089792478,
        0.7027901698,
        0.6925967398,
        0.7070242238000001
      ]
    },
    {
      "command": "dutree tmp.sample",
      "mean": 3.9163880292,
      "stddev": 0.06362589026259519,
      "median": 3.9185120818000003,
      "user": 1.528521025,
      "system": 2.3868512749999993,
      "min": 3.8158352038000003,
      "max": 4.0135555568,
      "times": [
        4.0135555568,
        3.9038218898,
        3.9383811088000003,
        3.9332022738,
        3.8308762558000002,
        3.9560313558,
        3.9913974598000004,
        3.8972981088000003,
        3.8834810788,
        3.8158352038000003
      ]
    },
    {
      "command": "du --apparent-size tmp.sample",
      "mean": 0.185762609425,
      "stddev": 0.005542783400265556,
      "median": 0.18539684280000002,
      "user": 0.061107712499999994,
      "system": 0.1242462375,
      "min": 0.17706828680000003,
      "max": 0.19823535479999999,
      "times": [
        0.1800147238,
        0.18407257580000003,
        0.18911313880000002,
        0.17953301780000003,
        0.18616650280000002,
        0.18658560680000003,
        0.18707131380000003,
        0.1875232188,
        0.17706828680000003,
        0.1813688418,
        0.18386897280000003,
        0.19823535479999999,
        0.19269298480000002,
        0.1815557438,
        0.19270428480000001,
        0.1846271828
      ]
    }
  ]
}
