command,mean,stddev,median,user,system,min,max
pdu --min-ratio=0 tmp.sample,0.7059971114000001,0.011317353294542837,0.7066957193000001,0.6237327249999998,0.19919087500000002,0.6892169968,0.7271887858
dutree tmp.sample,3.9163880292,0.06362589026259519,3.9185120818000003,1.528521025,2.3868512749999993,3.8158352038000003,4.0135555568
du --apparent-size tmp.sample,0.185762609425,0.005542783400265556,0.18539684280000002,0.061107712499999994,0.1242462375,0.17706828680000003,0.19823535479999999
