command,mean,stddev,median,user,system,min,max
pdu --quantity=len tmp.sample,0.12600707374045456,0.005266905998575917,0.12482205819500002,0.09574866136363637,0.14877050181818183,0.119381995695,0.139637663695
dust --apparent-size tmp.sample,0.559439289195,0.015739942957704284,0.552469904195,0.714532525,0.24190862000000002,0.540742767695,0.5879817966950001
dutree tmp.sample,3.882127358095,0.05959558382950698,3.9074101441950004,1.5267487249999998,2.35448812,3.781586611695,3.954844492695
du --apparent-size tmp.sample,0.1886286029616667,0.007199788572346298,0.187317485695,0.063419325,0.12460798666666667,0.179503686695,0.20328058869500001
