command,mean,stddev,median,user,system,min,max
pdu --no-sort --max-depth=1 tmp.sample,0.12459738180195654,0.004481229049306172,0.12391506471500001,0.09802238304347825,0.1435823995652174,0.11882849971500001,0.134653200715
du --apparent-size --total tmp.sample,0.186809964715,0.007537010851178472,0.184356730715,0.06184700333333333,0.12456039666666664,0.178260352715,0.206581718715
