{
  "results": [
    {
      "command": "pdu --quantity=len tmp.sample",
      "mean": 0.12600707374045456,
      "stddev": 0.005266905998575917,
      "median": 0.12482205819500002,
      "user": 0.09574866136363637,
      "system": 0.14877050181818183,
      "min": 0.119381995695,
      "max": 0.139637663695,
      "times": [
        0.131793236695,
        0.122273383695,
        0.12114396469500001,
        0.120760358695,
        0.133682367695,
        0.122754790695,
        0.127896073695,
        0.12536993269500002,
        0.132921555695,
        0.139637663695,
        0.123634281695,
        0.123825584695,
        0.12427418369500001,
        0.12153489069500001,
        0.119381995695,
        0.12547208069500002,
        0.128381873695,
        0.130342868695,
        0.12121889169500001,
        0.12008719369500001,
        0.13010406869500002,
        0.125664380695
      ]
    },
    {
      "command": "dust --apparent-size tmp.sample",
      "mean": 0.559439289195,
      "stddev": 0.015739942957704284,
      "median": 0.552469904195,
      "user": 0.714532525,
      "system": 0.24190862000000002,
      "min": 0.540742767695,
      "max": 0.5879817966950001,
      "times": [
        0.572443561695,
        0.5879817966950001,
        0.540742767695,
        0.547851266695,
        0.549150683695,
        0.575458846695,
        0.547077655695,
        0.548155370695,
        0.569741817695,
        0.555789124695
      ]
    },
    {
      "command": "dutree tmp.sample",
      "mean": 3.882127358095,
      "stddev": 0.05959558382950698,
      "median": 3.9074101441950004,
      "user": 1.5267487249999998,
      "system": 2.35448812,
      "min": 3.781586611695,
      "max": 3.954844492695,
      "times": [
        3.8426773556950002,
        3.798831830695,
        3.925237685695,
        3.932215968695,
        3.954844492695,
        3.9068666156950003,
        3.850856330695,
        3.907953672695,
        3.781586611695,
        3.920203016695
      ]
    },
    {
      "command": "du --apparent-size tmp.sample",
      "mean": 0.1886286029616667,
      "stddev": 0.007199788572346298,
      "median": 0.187317485695,
      "user": 0.063419325,
      "system": 0.12460798666666667,
      "min": 0.179503686695,
      "max": 0.20328058869500001,
      "times": [
        0.19005302169500002,
        0.18212662069500002,
        0.182898530695,
        0.203226488695,
        0.187317485695,
        0.18265962669500002,
        0.194649779695,
        0.19101363369500002,
        0.18621247269500002,
        0.188906506695,
        0.189663515695,
        0.18591306769500002,
        0.18200401869500002,
        0.20328058869500001,
        0.179503686695
      ]
    }
  ]
}
