{
  "results": [
    {
      "command": "pdu --max-depth=1 tmp.sample",
      "mean": 0.12536342039363635,
      "stddev": 0.005310830065574142,
      "median": 0.12496291553,
      "user": 0.09024100590909089,
      "system": 0.155564645,
      "min": 0.11917689153000001,
      "max": 0.13792213053000002,
      "times": [
        0.13339437253000003,
        0.12023740553000001,
        0.12100861453,
        0.11926049253000001,
        0.12665758753,
        0.12149172053000001,
        0.12570997453,
        0.12742519653,
        0.11950079553000001,
        0.13637441153000002,
        0.12507466653,
        0.12409555353000001,
        0.12946742353000001,
        0.11917689153000001,
        0.12674258753,
        0.12485116453000002,
        0.12789440253,
        0.12662998653000002,
        0.13792213053000002,
        0.12259373553000001,
        0.12016040353,
        0.12232573153000001
      ]
    },
    {
      "command": "dutree --summary tmp.sample",
      "mean": 0.31698810133,
      "stddev": 0.01191140777976912,
      "median": 0.31427307403000004,
      "user": 0.107944615,
      "system": 0.20869874500000002,
      "min": 0.30342844653,
      "max": 0.33800708853,
      "times": [
        0.30993172953000003,
        0.33800708853,
        0.30458276153,
        0.31974515553,
        0.31591780653,
        0.30342844653,
        0.31257954653000003,
        0.31608258553,
        0.31262834153,
        0.33697755153000003
      ]
    },
    {
      "command": "du --apparent-size --total tmp.sample",
      "mean": 0.18719131153000004,
      "stddev": 0.004836833858955119,
      "median": 0.18683099303,
      "user": 0.05563020071428571,
      "system": 0.13111743071428572,
      "min": 0.18182547853000003,
      "max": 0.20067141853000003,
      "times": [
        0.20067141853000003,
        0.18949927653000004,
        0.18182547853000003,
        0.18395860653,
        0.18387960553,
        0.18852946453000002,
        0.18250028753000003,
        0.18584863053,
        0.18507932053000004,
        0.18290169253,
        0.19030588653000002,
        0.18786685553,
        0.18999848253,
        0.18781335553
      ]
    }
  ]
}
