command,mean,stddev,median,user,system,min,max
pdu --no-sort tmp.sample,0.12332843501586957,0.0025660062773795395,0.123291790755,0.09322151739130434,0.14846399978260874,0.11841062975500001,0.12817395275500001
du --apparent-size tmp.sample,0.18655108588833336,0.004367967582805856,0.18519607475500002,0.06209503333333334,0.12408323166666665,0.17905479775500002,0.193680182755
